protein_name,uniprot_ids,jaspar_id,url,collection,A,C,G,T,pubmed_ids,medline,tax_group,data_type,data_source
ASCL1,P50553,MA1100.2,https://jaspar.genereg.net/api/v1/matrix/MA1100.2/,CORE,"[1267.0, 1334.0, 0.0, 4413.0, 107.0, 729.0, 118.0, 52.0, 177.0, 843.0]","[926.0, 521.0, 4413.0, 157.0, 1288.0, 4413.0, 24.0, 0.0, 3065.0, 1487.0]","[1495.0, 3079.0, 0.0, 60.0, 4413.0, 1320.0, 121.0, 4413.0, 814.0, 889.0]","[726.0, 354.0, 14.0, 218.0, 625.0, 20.0, 4413.0, 29.0, 1349.0, 1194.0]",20382226,20382226,"vertebrates[{'name': 'Homo sapiens', 'tax_id': 9606}]",HT-SELEX,28473536
ASCL1,P50553,MA1631.1,https://jaspar.genereg.net/api/v1/matrix/MA1631.1/,CORE,"[6833.0, 8952.0, 5836.0, 184.0, 32315.0, 163.0, 196.0, 368.0, 251.0, 399.0, 4490.0, 7083.0, 5972.0]","[11805.0, 7998.0, 6654.0, 33562.0, 563.0, 30169.0, 33402.0, 740.0, 445.0, 28844.0, 17883.0, 10555.0, 11996.0]","[8371.0, 8601.0, 18576.0, 321.0, 860.0, 3209.0, 607.0, 492.0, 33411.0, 2719.0, 2966.0, 8939.0, 8356.0]","[7347.0, 8805.0, 3290.0, 289.0, 618.0, 815.0, 151.0, 32756.0, 249.0, 2394.0, 9017.0, 7779.0, 8032.0]",31086315,31086315,"vertebrates[{'name': 'Homo sapiens', 'tax_id': 9606}]",ChIP-seq,ReMap
POU3F2,P20265,MA0787.1,https://jaspar.genereg.net/api/v1/matrix/MA0787.1/,CORE,"[591.0, 163.0, 1292.0, 28.0, 19.0, 68.0, 688.0, 1292.0, 1292.0, 63.0, 137.0, 1292.0]","[61.0, 65.0, 16.0, 30.0, 9.0, 1292.0, 4.0, 16.0, 6.0, 19.0, 165.0, 262.0]","[171.0, 40.0, 25.0, 12.0, 1292.0, 153.0, 1.0, 32.0, 0.0, 28.0, 452.0, 261.0]","[700.0, 1292.0, 0.0, 1292.0, 60.0, 372.0, 604.0, 45.0, 13.0, 1292.0, 840.0, 562.0]",9852081,9852081,"vertebrates[{'name': 'Homo sapiens', 'tax_id': 9606}]",HT-SELEX,23332764
ETV2,Q3KNT2,MA0762.1,https://jaspar.genereg.net/api/v1/matrix/MA0762.1/,CORE,"[1184.0, 1184.0, 57.0, 116.0, 0.0, 0.0, 1184.0, 1184.0, 846.0, 18.0, 742.0]","[251.0, 10.0, 1184.0, 1184.0, 0.0, 0.0, 0.0, 1.0, 2.0, 440.0, 161.0]","[398.0, 23.0, 109.0, 3.0, 1184.0, 1184.0, 0.0, 0.0, 337.0, 66.0, 441.0]","[369.0, 5.0, 0.0, 0.0, 0.0, 0.0, 0.0, 143.0, 0.0, 1184.0, 231.0]",20517297,20517297,"vertebrates[{'name': 'Homo sapiens', 'tax_id': 9606}]",HT-SELEX,23332764
KLF2,Q9Y5W3,MA1515.1,https://jaspar.genereg.net/api/v1/matrix/MA1515.1/,CORE,"[1054.0, 2510.0, 741.0, 403.0, 4622.0, 0.0, 1702.0, 0.0, 128.0, 68.0, 1838.0]","[1376.0, 1103.0, 4622.0, 4622.0, 2265.0, 4622.0, 274.0, 4622.0, 4622.0, 4622.0, 1142.0]","[1320.0, 2112.0, 495.0, 186.0, 1060.0, 0.0, 2920.0, 49.0, 195.0, 105.0, 389.0]","[872.0, 433.0, 346.0, 312.0, 214.0, 78.0, 167.0, 22.0, 9.0, 444.0, 1253.0]",11443140,11443140,"vertebrates[{'name': 'Homo sapiens', 'tax_id': 9606}]",HT-SELEX,28473536
KLF4,O43474,MA0039.4,https://jaspar.genereg.net/api/v1/matrix/MA0039.4/,CORE,"[12570.0, 11487.0, 2465.0, 2105.0, 7021.0, 1173.0, 45602.0, 852.0, 1617.0, 1202.0, 16264.0, 9959.0]","[17520.0, 14038.0, 49209.0, 47865.0, 45405.0, 52875.0, 161.0, 52366.0, 51112.0, 51045.0, 18249.0, 19217.0]","[14243.0, 18473.0, 1583.0, 1214.0, 1422.0, 793.0, 6598.0, 1470.0, 1870.0, 1005.0, 6292.0, 14422.0]","[11484.0, 11819.0, 2560.0, 4633.0, 1969.0, 976.0, 3456.0, 1129.0, 1218.0, 2565.0, 15012.0, 12219.0]",28473536,28473536,"vertebrates[{'name': 'Homo sapiens', 'tax_id': 9606}]",ChIP-seq,ReMap
MYC,P01106,MA0147.3,https://jaspar.genereg.net/api/v1/matrix/MA0147.3/,CORE,"[1038.0, 1019.0, 438.0, 44.0, 4600.0, 54.0, 169.0, 59.0, 23.0, 419.0, 961.0, 755.0]","[1345.0, 1287.0, 3746.0, 4840.0, 59.0, 4525.0, 157.0, 162.0, 56.0, 2801.0, 1524.0, 1785.0]","[1649.0, 1757.0, 472.0, 31.0, 170.0, 70.0, 4578.0, 63.0, 4817.0, 1198.0, 1036.0, 1348.0]","[910.0, 879.0, 286.0, 27.0, 113.0, 293.0, 38.0, 4658.0, 46.0, 524.0, 1421.0, 1054.0]",18555785,18555785,"vertebrates[{'name': 'Homo sapiens', 'tax_id': 9606}]",ChIP-seq,29126285
SOX2,P48431,MA0143.4,https://jaspar.genereg.net/api/v1/matrix/MA0143.4/,CORE,"[29105.0, 30279.0, 83515.0, 1307.0, 81587.0, 80825.0, 4815.0, 9926.0, 14772.0, 28860.0, 28960.0]","[11041.0, 15154.0, 436.0, 78356.0, 1205.0, 1742.0, 732.0, 800.0, 6264.0, 17158.0, 17475.0]","[21434.0, 17157.0, 418.0, 1243.0, 550.0, 2002.0, 930.0, 73372.0, 54414.0, 17765.0, 15998.0]","[24174.0, 23164.0, 1385.0, 4848.0, 2412.0, 1185.0, 79277.0, 1656.0, 10304.0, 21971.0, 23321.0]",15863505,15863505,"vertebrates[{'name': 'Homo sapiens', 'tax_id': 9606}]",ChIP-seq,ReMap
POU5F1,Q01860,MA1115.1,https://jaspar.genereg.net/api/v1/matrix/MA1115.1/,CORE,"[4982.0, 3603.0, 12693.0, 83.0, 717.0, 533.0, 11756.0, 10560.0, 12280.0, 2556.0, 3476.0]","[1290.0, 2785.0, 122.0, 130.0, 192.0, 10310.0, 132.0, 690.0, 270.0, 2104.0, 2450.0]","[1996.0, 1908.0, 229.0, 67.0, 11571.0, 548.0, 118.0, 1026.0, 257.0, 2071.0, 3551.0]","[4846.0, 4818.0, 70.0, 12834.0, 634.0, 1723.0, 1108.0, 838.0, 307.0, 6383.0, 3637.0]",23747866,23747866,"vertebrates[{'name': 'Homo sapiens', 'tax_id': 9606}]",ChIP-seq,29126285
GATA4,P43694,MA0482.2,https://jaspar.genereg.net/api/v1/matrix/MA0482.2/,CORE,"[14632.0, 13534.0, 3977.0, 3150.0, 1586.0, 1650.0, 54420.0, 770.0, 480.0, 7659.0, 11041.0, 15349.0]","[11761.0, 12703.0, 38289.0, 50062.0, 1429.0, 1377.0, 1703.0, 582.0, 56544.0, 1792.0, 16059.0, 14580.0]","[11083.0, 11207.0, 5099.0, 1103.0, 749.0, 808.0, 1245.0, 539.0, 568.0, 1376.0, 15225.0, 8955.0]","[21538.0, 21570.0, 11649.0, 4699.0, 55250.0, 55179.0, 1646.0, 57123.0, 1422.0, 48187.0, 16689.0, 20130.0]",7791790,7791790,"vertebrates[{'name': 'Homo sapiens', 'tax_id': 9606}]",ChIP-seq,ReMap
SOX9,P48436,MA0077.1,https://jaspar.genereg.net/api/v1/matrix/MA0077.1/,CORE,"[3.0, 8.0, 71.0, 2.0, 7.0, 2.0, 13.0, 9.0, 14.0]","[55.0, 38.0, 1.0, 1.0, 0.0, 2.0, 0.0, 7.0, 31.0]","[9.0, 6.0, 0.0, 2.0, 4.0, 72.0, 4.0, 6.0, 7.0]","[9.0, 24.0, 4.0, 71.0, 65.0, 0.0, 59.0, 54.0, 24.0]",9973626,9973626,"vertebrates[{'name': 'Homo sapiens', 'tax_id': 9606}]",SELEX,
